[
    {
        "id":1,
        "nome":"Produto 1",
        "quantidade": 1,
        "preco":10.5
    },
    {
        "id":2,
        "nome":"Produto 2",
        "quantidade": 2,
        "preco":21.0
    },
    {
        "id":3,
        "nome":"Produto 3",
        "quantidade": 3,
        "preco":31.5
    },
    {
        "id":4,
        "nome":"Produto 4",
        "quantidade": 4,
        "preco":42
    },
    {
        "id":5,
        "nome":"Produto 5",
        "quantidade": 5,
        "preco":52.5
    }
]
