[
    {
        "id":1,
        "nome":"Produto 1",
        "quantidade":1,
        "preco":13.4085
    },
    {
        "id":2,
        "nome":"Produto 2",
        "quantidade":2,
        "preco":26.8065
    },
    {
        "id":3,
        "nome":"Produto 3",
        "quantidade":3,
        "preco":40.2045
    },
    {
        "id":4,
        "nome":"Produto 4",
        "quantidade":4,
        "preco":53.6025
    },
    {
        "id":5,
        "nome":"Produto 5",
        "quantidade":5,
        "preco":67.0005
    }
]